"","YEAR","STATE","TYPE.OF.PRODUCER","ENERGY.SOURCE","GENERATION..Megawatthours."
"2",1990,"AK","Total Electric Power Industry","Coal",510573
"3",1990,"AK","Total Electric Power Industry","Hydro",974521
"4",1990,"AK","Total Electric Power Industry","Natural Gas",3466261
"5",1990,"AK","Total Electric Power Industry","Petroleum",497116
"6",1990,"AK","Total Electric Power Industry","Wind",0
"7",1990,"AK","Total Electric Power Industry","Wood",151035
"9",1990,"AK","Electric Generators, Electric Utilities","Coal",311960
"10",1990,"AK","Electric Generators, Electric Utilities","Hydro",974521
"11",1990,"AK","Electric Generators, Electric Utilities","Natural Gas",2869638
"12",1990,"AK","Electric Generators, Electric Utilities","Petroleum",336905
"13",1990,"AK","Electric Generators, Electric Utilities","Wind",0
"15",1990,"AK","Combined Heat and Power, Industrial Power","Natural Gas",596623
"16",1990,"AK","Combined Heat and Power, Industrial Power","Petroleum",93291
"17",1990,"AK","Combined Heat and Power, Industrial Power","Wood",151035
"19",1990,"AK","Combined Heat and Power, Commercial Power","Coal",198613
"20",1990,"AK","Combined Heat and Power, Commercial Power","Petroleum",66920
"1448",1991,"AK","Total Electric Power Industry","Coal",520514
"1449",1991,"AK","Total Electric Power Industry","Hydro",896113
"1450",1991,"AK","Total Electric Power Industry","Natural Gas",3319395
"1451",1991,"AK","Total Electric Power Industry","Petroleum",513425
"1452",1991,"AK","Total Electric Power Industry","Wind",0
"1453",1991,"AK","Total Electric Power Industry","Wood",140381
"1455",1991,"AK","Electric Generators, Electric Utilities","Coal",325914
"1456",1991,"AK","Electric Generators, Electric Utilities","Hydro",896113
"1457",1991,"AK","Electric Generators, Electric Utilities","Natural Gas",2657316
"1458",1991,"AK","Electric Generators, Electric Utilities","Petroleum",407088
"1459",1991,"AK","Electric Generators, Electric Utilities","Wind",0
"1461",1991,"AK","Combined Heat and Power, Industrial Power","Natural Gas",653601
"1462",1991,"AK","Combined Heat and Power, Industrial Power","Petroleum",104877
"1463",1991,"AK","Combined Heat and Power, Industrial Power","Wood",140381
"1465",1991,"AK","Combined Heat and Power, Commercial Power","Coal",194600
"1466",1991,"AK","Combined Heat and Power, Commercial Power","Natural Gas",8478
"1467",1991,"AK","Combined Heat and Power, Commercial Power","Petroleum",1460
"2921",1992,"AK","Total Electric Power Industry","Coal",495795
"2922",1992,"AK","Total Electric Power Industry","Hydro",918120
"2923",1992,"AK","Total Electric Power Industry","Natural Gas",3214330
"2925",1992,"AK","Total Electric Power Industry","Petroleum",521950
"2926",1992,"AK","Total Electric Power Industry","Wind",0
"2927",1992,"AK","Total Electric Power Industry","Wood",131934
"2929",1992,"AK","Electric Generators, Electric Utilities","Coal",289529
"2930",1992,"AK","Electric Generators, Electric Utilities","Hydro",918120
"2931",1992,"AK","Electric Generators, Electric Utilities","Natural Gas",2552417
"2932",1992,"AK","Electric Generators, Electric Utilities","Petroleum",406988
"2933",1992,"AK","Electric Generators, Electric Utilities","Wind",0
"2935",1992,"AK","Combined Heat and Power, Industrial Power","Natural Gas",653435
"2937",1992,"AK","Combined Heat and Power, Industrial Power","Petroleum",113447
"2938",1992,"AK","Combined Heat and Power, Industrial Power","Wood",131934
"2940",1992,"AK","Combined Heat and Power, Commercial Power","Coal",206266
"2941",1992,"AK","Combined Heat and Power, Commercial Power","Natural Gas",8478
"2942",1992,"AK","Combined Heat and Power, Commercial Power","Petroleum",1515
"4424",1993,"AK","Total Electric Power Industry","Coal",533123
"4425",1993,"AK","Total Electric Power Industry","Hydro",1302992
"4426",1993,"AK","Total Electric Power Industry","Natural Gas",3191814
"4428",1993,"AK","Total Electric Power Industry","Petroleum",587422
"4429",1993,"AK","Total Electric Power Industry","Wind",0
"4430",1993,"AK","Total Electric Power Industry","Wood",90504
"4432",1993,"AK","Electric Generators, Electric Utilities","Coal",322564
"4433",1993,"AK","Electric Generators, Electric Utilities","Hydro",1302992
"4434",1993,"AK","Electric Generators, Electric Utilities","Natural Gas",2496949
"4435",1993,"AK","Electric Generators, Electric Utilities","Petroleum",458542
"4436",1993,"AK","Electric Generators, Electric Utilities","Wind",0
"4438",1993,"AK","Combined Heat and Power, Industrial Power","Natural Gas",694865
"4440",1993,"AK","Combined Heat and Power, Industrial Power","Petroleum",127926
"4441",1993,"AK","Combined Heat and Power, Industrial Power","Wood",90504
"4443",1993,"AK","Combined Heat and Power, Commercial Power","Coal",210559
"4444",1993,"AK","Combined Heat and Power, Commercial Power","Petroleum",954
"5945",1994,"AK","Total Electric Power Industry","Coal",502866
"5946",1994,"AK","Total Electric Power Industry","Hydro",1345407
"5947",1994,"AK","Total Electric Power Industry","Natural Gas",3401175
"5949",1994,"AK","Total Electric Power Industry","Petroleum",562644
"5950",1994,"AK","Total Electric Power Industry","Wind",0
"5951",1994,"AK","Total Electric Power Industry","Wood",138142
"5953",1994,"AK","Electric Generators, Electric Utilities","Coal",294615
"5954",1994,"AK","Electric Generators, Electric Utilities","Hydro",1345407
"5955",1994,"AK","Electric Generators, Electric Utilities","Natural Gas",2680897
"5956",1994,"AK","Electric Generators, Electric Utilities","Petroleum",441197
"5957",1994,"AK","Electric Generators, Electric Utilities","Wind",0
"5959",1994,"AK","Combined Heat and Power, Industrial Power","Natural Gas",720278
"5961",1994,"AK","Combined Heat and Power, Industrial Power","Petroleum",110276
"5962",1994,"AK","Combined Heat and Power, Industrial Power","Wood",138142
"5964",1994,"AK","Combined Heat and Power, Commercial Power","Coal",208251
"5965",1994,"AK","Combined Heat and Power, Commercial Power","Petroleum",11171
"7488",1995,"AK","Total Electric Power Industry","Coal",528930
"7489",1995,"AK","Total Electric Power Industry","Hydro",1372115
"7490",1995,"AK","Total Electric Power Industry","Natural Gas",3379573
"7492",1995,"AK","Total Electric Power Industry","Petroleum",620564
"7493",1995,"AK","Total Electric Power Industry","Wind",0
"7494",1995,"AK","Total Electric Power Industry","Wood",111345
"7496",1995,"AK","Electric Generators, Electric Utilities","Coal",309232
"7497",1995,"AK","Electric Generators, Electric Utilities","Hydro",1372115
"7498",1995,"AK","Electric Generators, Electric Utilities","Natural Gas",2678935
"7499",1995,"AK","Electric Generators, Electric Utilities","Petroleum",486640
"7500",1995,"AK","Electric Generators, Electric Utilities","Wind",0
"7502",1995,"AK","Combined Heat and Power, Industrial Power","Natural Gas",700638
"7504",1995,"AK","Combined Heat and Power, Industrial Power","Petroleum",123782
"7505",1995,"AK","Combined Heat and Power, Industrial Power","Wood",111345
"7507",1995,"AK","Combined Heat and Power, Commercial Power","Coal",219698
"7508",1995,"AK","Combined Heat and Power, Commercial Power","Petroleum",10142
"9052",1996,"AK","Total Electric Power Industry","Coal",428736
"9053",1996,"AK","Total Electric Power Industry","Hydro",1265863
"9054",1996,"AK","Total Electric Power Industry","Natural Gas",3548718
"9056",1996,"AK","Total Electric Power Industry","Petroleum",770676
"9057",1996,"AK","Total Electric Power Industry","Wind",0
"9058",1996,"AK","Total Electric Power Industry","Wood",102914
"9060",1996,"AK","Electric Generators, Electric Utilities","Coal",229129
"9061",1996,"AK","Electric Generators, Electric Utilities","Hydro",1265863
"9062",1996,"AK","Electric Generators, Electric Utilities","Natural Gas",2843998
"9063",1996,"AK","Electric Generators, Electric Utilities","Petroleum",643278
"9064",1996,"AK","Electric Generators, Electric Utilities","Wind",0
"9066",1996,"AK","Combined Heat and Power, Industrial Power","Natural Gas",704720
"9068",1996,"AK","Combined Heat and Power, Industrial Power","Petroleum",118078
"9069",1996,"AK","Combined Heat and Power, Industrial Power","Wood",102914
"9071",1996,"AK","Combined Heat and Power, Commercial Power","Coal",199607
"9072",1996,"AK","Combined Heat and Power, Commercial Power","Petroleum",9320
"10626",1997,"AK","Total Electric Power Industry","Coal",442702
"10627",1997,"AK","Total Electric Power Industry","Hydro",1098953
"10628",1997,"AK","Total Electric Power Industry","Natural Gas",3707734
"10630",1997,"AK","Total Electric Power Industry","Petroleum",857889
"10631",1997,"AK","Total Electric Power Industry","Wind",0
"10632",1997,"AK","Total Electric Power Industry","Wood",42166
"10634",1997,"AK","Electric Generators, Electric Utilities","Coal",237165
"10635",1997,"AK","Electric Generators, Electric Utilities","Hydro",1098953
"10636",1997,"AK","Electric Generators, Electric Utilities","Natural Gas",3031164
"10637",1997,"AK","Electric Generators, Electric Utilities","Petroleum",740721
"10638",1997,"AK","Electric Generators, Electric Utilities","Wind",0
"10640",1997,"AK","Combined Heat and Power, Industrial Power","Natural Gas",676570
"10642",1997,"AK","Combined Heat and Power, Industrial Power","Petroleum",98313
"10643",1997,"AK","Combined Heat and Power, Industrial Power","Wood",41212
"10645",1997,"AK","Combined Heat and Power, Commercial Power","Coal",205537
"10646",1997,"AK","Combined Heat and Power, Commercial Power","Petroleum",18855
"10647",1997,"AK","Combined Heat and Power, Commercial Power","Wood",954
"12216",1998,"AK","Total Electric Power Industry","Coal",524613
"12217",1998,"AK","Total Electric Power Industry","Hydro",1113332
"12218",1998,"AK","Total Electric Power Industry","Natural Gas",3352895
"12219",1998,"AK","Total Electric Power Industry","Petroleum",836467
"12220",1998,"AK","Total Electric Power Industry","Wind",0
"12221",1998,"AK","Total Electric Power Industry","Wood",1538
"12223",1998,"AK","Electric Generators, Electric Utilities","Coal",171053
"12224",1998,"AK","Electric Generators, Electric Utilities","Hydro",1113332
"12225",1998,"AK","Electric Generators, Electric Utilities","Natural Gas",2548971
"12226",1998,"AK","Electric Generators, Electric Utilities","Petroleum",756914
"12227",1998,"AK","Electric Generators, Electric Utilities","Wind",0
"12229",1998,"AK","Combined Heat and Power, Industrial Power","Natural Gas",803924
"12230",1998,"AK","Combined Heat and Power, Industrial Power","Petroleum",71574
"12231",1998,"AK","Combined Heat and Power, Industrial Power","Wood",877
"12233",1998,"AK","Combined Heat and Power, Electric Power","Coal",210238
"12234",1998,"AK","Combined Heat and Power, Electric Power","Petroleum",474
"12235",1998,"AK","Combined Heat and Power, Electric Power","Wood",661
"12237",1998,"AK","Combined Heat and Power, Commercial Power","Coal",143322
"12238",1998,"AK","Combined Heat and Power, Commercial Power","Petroleum",7505
"13823",1999,"AK","Total Electric Power Industry","Coal",523369
"13824",1999,"AK","Total Electric Power Industry","Hydro",816608
"13825",1999,"AK","Total Electric Power Industry","Natural Gas",3588075
"13826",1999,"AK","Total Electric Power Industry","Petroleum",874256
"13827",1999,"AK","Total Electric Power Industry","Wind",0
"13829",1999,"AK","Electric Generators, Electric Utilities","Coal",156188
"13830",1999,"AK","Electric Generators, Electric Utilities","Hydro",816608
"13831",1999,"AK","Electric Generators, Electric Utilities","Natural Gas",2838480
"13832",1999,"AK","Electric Generators, Electric Utilities","Petroleum",798039
"13833",1999,"AK","Electric Generators, Electric Utilities","Wind",0
"13835",1999,"AK","Combined Heat and Power, Industrial Power","Natural Gas",749595
"13836",1999,"AK","Combined Heat and Power, Industrial Power","Petroleum",63872
"13838",1999,"AK","Combined Heat and Power, Electric Power","Coal",226377
"13839",1999,"AK","Combined Heat and Power, Electric Power","Petroleum",598
"13841",1999,"AK","Combined Heat and Power, Commercial Power","Coal",140804
"13842",1999,"AK","Combined Heat and Power, Commercial Power","Petroleum",11747
"15435",2000,"AK","Total Electric Power Industry","Coal",538673
"15436",2000,"AK","Total Electric Power Industry","Hydro",1001819
"15437",2000,"AK","Total Electric Power Industry","Natural Gas",3975832
"15438",2000,"AK","Total Electric Power Industry","Petroleum",640201
"15439",2000,"AK","Total Electric Power Industry","Wind",0
"15441",2000,"AK","Electric Generators, Electric Utilities","Coal",184901
"15442",2000,"AK","Electric Generators, Electric Utilities","Hydro",1001819
"15443",2000,"AK","Electric Generators, Electric Utilities","Natural Gas",3193954
"15444",2000,"AK","Electric Generators, Electric Utilities","Petroleum",557013
"15445",2000,"AK","Electric Generators, Electric Utilities","Wind",0
"15447",2000,"AK","Combined Heat and Power, Industrial Power","Natural Gas",781878
"15448",2000,"AK","Combined Heat and Power, Industrial Power","Petroleum",66327
"15450",2000,"AK","Combined Heat and Power, Electric Power","Coal",223138
"15451",2000,"AK","Combined Heat and Power, Electric Power","Petroleum",824
"15453",2000,"AK","Combined Heat and Power, Commercial Power","Coal",130634
"15454",2000,"AK","Combined Heat and Power, Commercial Power","Petroleum",16037
"17090",2001,"AK","Total Electric Power Industry","Coal",564593
"17091",2001,"AK","Total Electric Power Industry","Hydro",1345665
"17092",2001,"AK","Total Electric Power Industry","Natural Gas",3895569
"17093",2001,"AK","Total Electric Power Industry","Petroleum",936989
"17094",2001,"AK","Total Electric Power Industry","Wind",950
"17096",2001,"AK","Electric Generators, Electric Utilities","Coal",194008
"17097",2001,"AK","Electric Generators, Electric Utilities","Hydro",1345665
"17098",2001,"AK","Electric Generators, Electric Utilities","Natural Gas",3027807
"17099",2001,"AK","Electric Generators, Electric Utilities","Petroleum",847761
"17100",2001,"AK","Electric Generators, Electric Utilities","Wind",950
"17102",2001,"AK","Combined Heat and Power, Industrial Power","Natural Gas",867762
"17103",2001,"AK","Combined Heat and Power, Industrial Power","Petroleum",69153
"17105",2001,"AK","Combined Heat and Power, Electric Power","Coal",233975
"17106",2001,"AK","Combined Heat and Power, Electric Power","Petroleum",3330
"17108",2001,"AK","Combined Heat and Power, Commercial Power","Coal",136610
"17109",2001,"AK","Combined Heat and Power, Commercial Power","Petroleum",16745
"18803",2002,"AK","Total Electric Power Industry","Coal",575288
"18804",2002,"AK","Total Electric Power Industry","Hydro",1439351
"18805",2002,"AK","Total Electric Power Industry","Natural Gas",3778162
"18807",2002,"AK","Total Electric Power Industry","Petroleum",962369
"18808",2002,"AK","Total Electric Power Industry","Wood",1031
"18810",2002,"AK","Electric Generators, Independent Power Producers","Natural Gas",0
"18812",2002,"AK","Electric Generators, Electric Utilities","Coal",204490
"18813",2002,"AK","Electric Generators, Electric Utilities","Hydro",1439351
"18814",2002,"AK","Electric Generators, Electric Utilities","Natural Gas",2952996
"18815",2002,"AK","Electric Generators, Electric Utilities","Petroleum",875153
"18817",2002,"AK","Combined Heat and Power, Industrial Power","Natural Gas",825166
"18819",2002,"AK","Combined Heat and Power, Industrial Power","Petroleum",59066
"18821",2002,"AK","Combined Heat and Power, Electric Power","Coal",240932
"18822",2002,"AK","Combined Heat and Power, Electric Power","Petroleum",1705
"18823",2002,"AK","Combined Heat and Power, Electric Power","Wood",1031
"18825",2002,"AK","Combined Heat and Power, Commercial Power","Coal",129866
"18826",2002,"AK","Combined Heat and Power, Commercial Power","Petroleum",26445
"20581",2003,"AK","Total Electric Power Industry","Coal",549664
"20582",2003,"AK","Total Electric Power Industry","Hydro",1582536
"20583",2003,"AK","Total Electric Power Industry","Natural Gas",3354482
"20585",2003,"AK","Total Electric Power Industry","Petroleum",846274
"20586",2003,"AK","Total Electric Power Industry","Wood",758
"20588",2003,"AK","Electric Generators, Electric Utilities","Coal",167555
"20589",2003,"AK","Electric Generators, Electric Utilities","Hydro",1582536
"20590",2003,"AK","Electric Generators, Electric Utilities","Natural Gas",3147997
"20591",2003,"AK","Electric Generators, Electric Utilities","Petroleum",775374
"20593",2003,"AK","Combined Heat and Power, Industrial Power","Natural Gas",206485
"20595",2003,"AK","Combined Heat and Power, Industrial Power","Petroleum",61430
"20597",2003,"AK","Combined Heat and Power, Electric Power","Coal",162478
"20599",2003,"AK","Combined Heat and Power, Commercial Power","Coal",219631
"20600",2003,"AK","Combined Heat and Power, Commercial Power","Petroleum",9470
"20601",2003,"AK","Combined Heat and Power, Commercial Power","Wood",758
"22361",2004,"AK","Total Electric Power Industry","Coal",648980
"22362",2004,"AK","Total Electric Power Industry","Hydro",1498020
"22363",2004,"AK","Total Electric Power Industry","Natural Gas",3623433
"22365",2004,"AK","Total Electric Power Industry","Petroleum",747068
"22366",2004,"AK","Total Electric Power Industry","Wood",389
"22368",2004,"AK","Electric Generators, Electric Utilities","Coal",211075
"22369",2004,"AK","Electric Generators, Electric Utilities","Hydro",1498020
"22370",2004,"AK","Electric Generators, Electric Utilities","Natural Gas",3475477
"22371",2004,"AK","Electric Generators, Electric Utilities","Petroleum",681848
"22373",2004,"AK","Combined Heat and Power, Industrial Power","Natural Gas",147956
"22375",2004,"AK","Combined Heat and Power, Industrial Power","Petroleum",52263
"22377",2004,"AK","Combined Heat and Power, Electric Power","Coal",182145
"22379",2004,"AK","Combined Heat and Power, Commercial Power","Coal",255760
"22380",2004,"AK","Combined Heat and Power, Commercial Power","Petroleum",12957
"22381",2004,"AK","Combined Heat and Power, Commercial Power","Wood",389
"24157",2005,"AK","Total Electric Power Industry","Coal",624318
"24158",2005,"AK","Total Electric Power Industry","Hydro",1463942
"24159",2005,"AK","Total Electric Power Industry","Natural Gas",3723626
"24161",2005,"AK","Total Electric Power Industry","Petroleum",758929
"24162",2005,"AK","Total Electric Power Industry","Wind",589
"24163",2005,"AK","Total Electric Power Industry","Wood",383
"24165",2005,"AK","Electric Generators, Electric Utilities","Coal",219320
"24166",2005,"AK","Electric Generators, Electric Utilities","Hydro",1463942
"24167",2005,"AK","Electric Generators, Electric Utilities","Natural Gas",3576738
"24168",2005,"AK","Electric Generators, Electric Utilities","Petroleum",685559
"24169",2005,"AK","Electric Generators, Electric Utilities","Wind",589
"24171",2005,"AK","Combined Heat and Power, Industrial Power","Natural Gas",146888
"24173",2005,"AK","Combined Heat and Power, Industrial Power","Petroleum",59484
"24175",2005,"AK","Combined Heat and Power, Electric Power","Coal",173942
"24177",2005,"AK","Combined Heat and Power, Commercial Power","Coal",231056
"24178",2005,"AK","Combined Heat and Power, Commercial Power","Petroleum",13885
"24179",2005,"AK","Combined Heat and Power, Commercial Power","Wood",383
"25956",2006,"AK","Total Electric Power Industry","Coal",617419
"25957",2006,"AK","Total Electric Power Industry","Hydro",1223607
"25958",2006,"AK","Total Electric Power Industry","Natural Gas",4057730
"25960",2006,"AK","Total Electric Power Industry","Petroleum",767988
"25961",2006,"AK","Total Electric Power Industry","Wind",788
"25962",2006,"AK","Total Electric Power Industry","Wood",516
"25964",2006,"AK","Electric Generators, Electric Utilities","Coal",209952
"25965",2006,"AK","Electric Generators, Electric Utilities","Hydro",1223607
"25966",2006,"AK","Electric Generators, Electric Utilities","Natural Gas",3939921
"25967",2006,"AK","Electric Generators, Electric Utilities","Petroleum",694252
"25968",2006,"AK","Electric Generators, Electric Utilities","Wind",788
"25970",2006,"AK","Combined Heat and Power, Industrial Power","Natural Gas",117809
"25972",2006,"AK","Combined Heat and Power, Industrial Power","Petroleum",63802
"25974",2006,"AK","Combined Heat and Power, Electric Power","Coal",187376
"25976",2006,"AK","Combined Heat and Power, Commercial Power","Coal",220091
"25977",2006,"AK","Combined Heat and Power, Commercial Power","Petroleum",9934
"25978",2006,"AK","Combined Heat and Power, Commercial Power","Wood",516
"27768",2007,"AK","Total Electric Power Industry","Coal",641409
"27769",2007,"AK","Total Electric Power Industry","Hydro",1291223
"27770",2007,"AK","Total Electric Power Industry","Natural Gas",3867539
"27772",2007,"AK","Total Electric Power Industry","Petroleum",1009990
"27773",2007,"AK","Total Electric Power Industry","Wind",1012
"27774",2007,"AK","Total Electric Power Industry","Wood",22
"27776",2007,"AK","Electric Generators, Independent Power Producers","Petroleum",79121
"27777",2007,"AK","Electric Generators, Independent Power Producers","Wind",1012
"27779",2007,"AK","Electric Generators, Electric Utilities","Coal",213648
"27780",2007,"AK","Electric Generators, Electric Utilities","Hydro",1291223
"27781",2007,"AK","Electric Generators, Electric Utilities","Natural Gas",3788325
"27782",2007,"AK","Electric Generators, Electric Utilities","Petroleum",852882
"27784",2007,"AK","Combined Heat and Power, Industrial Power","Natural Gas",78778
"27786",2007,"AK","Combined Heat and Power, Industrial Power","Petroleum",58431
"27788",2007,"AK","Combined Heat and Power, Electric Power","Coal",199914
"27789",2007,"AK","Combined Heat and Power, Electric Power","Petroleum",10241
"27791",2007,"AK","Combined Heat and Power, Commercial Power","Coal",227848
"27792",2007,"AK","Combined Heat and Power, Commercial Power","Natural Gas",437
"27793",2007,"AK","Combined Heat and Power, Commercial Power","Petroleum",9315
"27794",2007,"AK","Combined Heat and Power, Commercial Power","Wood",22
"29593",2008,"AK","Total Electric Power Industry","Coal",617897
"29594",2008,"AK","Total Electric Power Industry","Hydro",1171801
"29595",2008,"AK","Total Electric Power Industry","Natural Gas",4002472
"29598",2008,"AK","Total Electric Power Industry","Petroleum",977915
"29599",2008,"AK","Total Electric Power Industry","Wind",68
"29600",2008,"AK","Total Electric Power Industry","Wood",0
"29602",2008,"AK","Electric Generators, Electric Utilities","Coal",220360
"29603",2008,"AK","Electric Generators, Electric Utilities","Hydro",1171801
"29604",2008,"AK","Electric Generators, Electric Utilities","Natural Gas",3942237
"29606",2008,"AK","Electric Generators, Electric Utilities","Petroleum",927681
"29607",2008,"AK","Electric Generators, Electric Utilities","Wind",68
"29609",2008,"AK","Combined Heat and Power, Industrial Power","Natural Gas",60235
"29611",2008,"AK","Combined Heat and Power, Industrial Power","Petroleum",45566
"29613",2008,"AK","Combined Heat and Power, Electric Power","Coal",177106
"29615",2008,"AK","Combined Heat and Power, Commercial Power","Coal",220430
"29616",2008,"AK","Combined Heat and Power, Commercial Power","Natural Gas",0
"29617",2008,"AK","Combined Heat and Power, Commercial Power","Petroleum",4668
"29618",2008,"AK","Combined Heat and Power, Commercial Power","Wood",0
"31467",2009,"AK","Total Electric Power Industry","Coal",630592
"31468",2009,"AK","Total Electric Power Industry","Hydro",1323744
"31469",2009,"AK","Total Electric Power Industry","Natural Gas",3577403
"31472",2009,"AK","Total Electric Power Industry","Petroleum",1156882
"31473",2009,"AK","Total Electric Power Industry","Wind",7027
"31475",2009,"AK","Electric Generators, Electric Utilities","Coal",212944
"31476",2009,"AK","Electric Generators, Electric Utilities","Hydro",1323744
"31477",2009,"AK","Electric Generators, Electric Utilities","Natural Gas",3518554
"31479",2009,"AK","Electric Generators, Electric Utilities","Petroleum",1104493
"31480",2009,"AK","Electric Generators, Electric Utilities","Wind",7027
"31482",2009,"AK","Combined Heat and Power, Industrial Power","Natural Gas",58849
"31484",2009,"AK","Combined Heat and Power, Industrial Power","Petroleum",43839
"31486",2009,"AK","Combined Heat and Power, Electric Power","Coal",209379
"31488",2009,"AK","Combined Heat and Power, Commercial Power","Coal",208269
"31489",2009,"AK","Combined Heat and Power, Commercial Power","Natural Gas",0
"31490",2009,"AK","Combined Heat and Power, Commercial Power","Petroleum",8550
"33358",2010,"AK","Total Electric Power Industry","Coal",620443
"33359",2010,"AK","Total Electric Power Industry","Hydro",1433141
"33360",2010,"AK","Total Electric Power Industry","Natural Gas",3750024
"33363",2010,"AK","Total Electric Power Industry","Petroleum",937056
"33364",2010,"AK","Total Electric Power Industry","Wind",12607
"33368",2010,"AK","Electric Generators, Electric Utilities","Coal",189477
"33369",2010,"AK","Electric Generators, Electric Utilities","Hydro",1433141
"33370",2010,"AK","Electric Generators, Electric Utilities","Natural Gas",3684809
"33372",2010,"AK","Electric Generators, Electric Utilities","Petroleum",885016
"33373",2010,"AK","Electric Generators, Electric Utilities","Wind",12607
"33375",2010,"AK","Combined Heat and Power, Industrial Power","Natural Gas",64575
"33377",2010,"AK","Combined Heat and Power, Industrial Power","Petroleum",45064
"33379",2010,"AK","Combined Heat and Power, Electric Power","Coal",204196
"33381",2010,"AK","Combined Heat and Power, Commercial Power","Coal",226771
"33382",2010,"AK","Combined Heat and Power, Commercial Power","Natural Gas",640
"33383",2010,"AK","Combined Heat and Power, Commercial Power","Petroleum",6976
"35291",2011,"AK","Total Electric Power Industry","Coal",656385
"35292",2011,"AK","Total Electric Power Industry","Hydro",1344746
"35293",2011,"AK","Total Electric Power Industry","Natural Gas",3906433
"35297",2011,"AK","Total Electric Power Industry","Petroleum",944998
"35298",2011,"AK","Total Electric Power Industry","Wind",12446
"35302",2011,"AK","Electric Generators, Electric Utilities","Coal",177940
"35303",2011,"AK","Electric Generators, Electric Utilities","Hydro",1344746
"35304",2011,"AK","Electric Generators, Electric Utilities","Natural Gas",3846484
"35306",2011,"AK","Electric Generators, Electric Utilities","Petroleum",892228
"35307",2011,"AK","Electric Generators, Electric Utilities","Wind",12446
"35309",2011,"AK","Combined Heat and Power, Industrial Power","Natural Gas",57111
"35312",2011,"AK","Combined Heat and Power, Industrial Power","Petroleum",49565
"35314",2011,"AK","Combined Heat and Power, Electric Power","Coal",209150
"35316",2011,"AK","Combined Heat and Power, Commercial Power","Coal",269296
"35317",2011,"AK","Combined Heat and Power, Commercial Power","Natural Gas",2838
"35318",2011,"AK","Combined Heat and Power, Commercial Power","Petroleum",3205
"37240",2012,"AK","Total Electric Power Industry","Coal",684959
"37241",2012,"AK","Total Electric Power Industry","Hydro",1575045
"37242",2012,"AK","Total Electric Power Industry","Natural Gas",3606037
"37245",2012,"AK","Total Electric Power Industry","Petroleum",1037762
"37247",2012,"AK","Total Electric Power Industry","Wind",37392
"37249",2012,"AK","Combined Heat and Power, Industrial Power","Natural Gas",37135
"37251",2012,"AK","Combined Heat and Power, Industrial Power","Petroleum",44871
"37254",2012,"AK","Combined Heat and Power, Commercial Power","Coal",268244
"37255",2012,"AK","Combined Heat and Power, Commercial Power","Natural Gas",2684
"37256",2012,"AK","Combined Heat and Power, Commercial Power","Petroleum",6931
"37259",2012,"AK","Combined Heat and Power, Electric Power","Coal",201405
"37262",2012,"AK","Electric Generators, Independent Power Producers","Wind",18124
"37264",2012,"AK","Electric Generators, Electric Utilities","Coal",215310
"37265",2012,"AK","Electric Generators, Electric Utilities","Hydro",1575045
"37266",2012,"AK","Electric Generators, Electric Utilities","Natural Gas",3566219
"37268",2012,"AK","Electric Generators, Electric Utilities","Petroleum",985960
"37269",2012,"AK","Electric Generators, Electric Utilities","Wind",19268
"39227",2013,"AK","Total Electric Power Industry","Coal",624621
"39228",2013,"AK","Total Electric Power Industry","Hydro",1435479
"39229",2013,"AK","Total Electric Power Industry","Natural Gas",3421005
"39232",2013,"AK","Total Electric Power Industry","Petroleum",818652
"39233",2013,"AK","Total Electric Power Industry","Wind",145289
"39234",2013,"AK","Total Electric Power Industry","Wood",0
"39236",2013,"AK","Electric Generators, Independent Power Producers","Wind",46384
"39238",2013,"AK","Electric Generators, Electric Utilities","Coal",191064
"39239",2013,"AK","Electric Generators, Electric Utilities","Hydro",1435479
"39240",2013,"AK","Electric Generators, Electric Utilities","Natural Gas",3356113
"39242",2013,"AK","Electric Generators, Electric Utilities","Petroleum",770423
"39243",2013,"AK","Electric Generators, Electric Utilities","Wind",98905
"39245",2013,"AK","Combined Heat and Power, Industrial Power","Natural Gas",59853
"39247",2013,"AK","Combined Heat and Power, Industrial Power","Petroleum",44379
"39249",2013,"AK","Combined Heat and Power, Electric Power","Coal",187843
"39251",2013,"AK","Combined Heat and Power, Electric Power","Petroleum",0
"39252",2013,"AK","Combined Heat and Power, Electric Power","Wood",0
"39254",2013,"AK","Combined Heat and Power, Commercial Power","Coal",245714
"39255",2013,"AK","Combined Heat and Power, Commercial Power","Natural Gas",5039
"39257",2013,"AK","Combined Heat and Power, Commercial Power","Petroleum",3850
"39258",2013,"AK","Combined Heat and Power, Commercial Power","Wood",0
"41247",2014,"AK","Total Electric Power Industry","Coal",558292
"41248",2014,"AK","Total Electric Power Industry","Hydro",1538738
"41249",2014,"AK","Total Electric Power Industry","Natural Gas",3288022
"41251",2014,"AK","Total Electric Power Industry","Petroleum",445621
"41253",2014,"AK","Total Electric Power Industry","Wind",151957
"41254",2014,"AK","Total Electric Power Industry","Wood",0
"41256",2014,"AK","Combined Heat and Power, Industrial Power","Natural Gas",67069
"41257",2014,"AK","Combined Heat and Power, Industrial Power","Petroleum",44143
"41260",2014,"AK","Combined Heat and Power, Commercial Power","Coal",110575
"41261",2014,"AK","Combined Heat and Power, Commercial Power","Natural Gas",2162
"41262",2014,"AK","Combined Heat and Power, Commercial Power","Petroleum",3002
"41264",2014,"AK","Combined Heat and Power, Commercial Power","Wood",0
"41266",2014,"AK","Combined Heat and Power, Electric Power","Coal",191062
"41267",2014,"AK","Combined Heat and Power, Electric Power","Petroleum",0
"41269",2014,"AK","Combined Heat and Power, Electric Power","Wood",0
"41271",2014,"AK","Electric Generators, Independent Power Producers","Wind",52313
"41273",2014,"AK","Electric Generators, Electric Utilities","Coal",256655
"41274",2014,"AK","Electric Generators, Electric Utilities","Hydro",1538738
"41275",2014,"AK","Electric Generators, Electric Utilities","Natural Gas",3218791
"41277",2014,"AK","Electric Generators, Electric Utilities","Petroleum",398476
"41278",2014,"AK","Electric Generators, Electric Utilities","Wind",99644
"43304",2015,"AK","Total Electric Power Industry","Coal",667549
"43305",2015,"AK","Total Electric Power Industry","Hydro",1568929
"43306",2015,"AK","Total Electric Power Industry","Natural Gas",3089713
"43308",2015,"AK","Total Electric Power Industry","Petroleum",746567
"43310",2015,"AK","Total Electric Power Industry","Wind",159694
"43311",2015,"AK","Total Electric Power Industry","Wood",0
"43313",2015,"AK","Combined Heat and Power, Industrial Power","Natural Gas",70301
"43314",2015,"AK","Combined Heat and Power, Industrial Power","Petroleum",45827
"43317",2015,"AK","Combined Heat and Power, Commercial Power","Coal",108903
"43318",2015,"AK","Combined Heat and Power, Commercial Power","Natural Gas",1
"43319",2015,"AK","Combined Heat and Power, Commercial Power","Petroleum",5728
"43321",2015,"AK","Combined Heat and Power, Commercial Power","Wood",0
"43323",2015,"AK","Combined Heat and Power, Electric Power","Coal",198296
"43324",2015,"AK","Combined Heat and Power, Electric Power","Petroleum",0
"43326",2015,"AK","Combined Heat and Power, Electric Power","Wood",0
"43328",2015,"AK","Electric Generators, Independent Power Producers","Wind",54562
"43330",2015,"AK","Electric Generators, Electric Utilities","Coal",360351
"43331",2015,"AK","Electric Generators, Electric Utilities","Hydro",1568929
"43332",2015,"AK","Electric Generators, Electric Utilities","Natural Gas",3019411
"43334",2015,"AK","Electric Generators, Electric Utilities","Petroleum",695012
"43335",2015,"AK","Electric Generators, Electric Utilities","Wind",105132
"45352",2016,"AK","Total Electric Power Industry","Coal",594139
"45353",2016,"AK","Total Electric Power Industry","Hydro",1659152
"45354",2016,"AK","Total Electric Power Industry","Natural Gas",3040487
"45356",2016,"AK","Total Electric Power Industry","Petroleum",831330
"45358",2016,"AK","Total Electric Power Industry","Wind",169301
"45359",2016,"AK","Total Electric Power Industry","Wood",0
"45361",2016,"AK","Combined Heat and Power, Industrial Power","Natural Gas",62679
"45362",2016,"AK","Combined Heat and Power, Industrial Power","Petroleum",48292
"45365",2016,"AK","Combined Heat and Power, Commercial Power","Coal",107009
"45366",2016,"AK","Combined Heat and Power, Commercial Power","Hydro",168147
"45367",2016,"AK","Combined Heat and Power, Commercial Power","Natural Gas",1131
"45368",2016,"AK","Combined Heat and Power, Commercial Power","Petroleum",2927
"45370",2016,"AK","Combined Heat and Power, Commercial Power","Wood",0
"45372",2016,"AK","Combined Heat and Power, Electric Power","Coal",191982
"45373",2016,"AK","Combined Heat and Power, Electric Power","Petroleum",0
"45375",2016,"AK","Combined Heat and Power, Electric Power","Wood",0
"45377",2016,"AK","Electric Generators, Independent Power Producers","Wind",60468
"45379",2016,"AK","Electric Generators, Electric Utilities","Coal",295148
"45380",2016,"AK","Electric Generators, Electric Utilities","Hydro",1491005
"45381",2016,"AK","Electric Generators, Electric Utilities","Natural Gas",2976677
"45383",2016,"AK","Electric Generators, Electric Utilities","Petroleum",780110
"45384",2016,"AK","Electric Generators, Electric Utilities","Wind",108833
"47426",2017,"AK","Total Electric Power Industry","Coal",555707
"47427",2017,"AK","Total Electric Power Industry","Hydro",1643670
"47428",2017,"AK","Total Electric Power Industry","Natural Gas",3234868
"47430",2017,"AK","Total Electric Power Industry","Petroleum",880682
"47432",2017,"AK","Total Electric Power Industry","Wind",141687
"47433",2017,"AK","Total Electric Power Industry","Wood",0
"47435",2017,"AK","Combined Heat and Power, Industrial Power","Natural Gas",62324
"47436",2017,"AK","Combined Heat and Power, Industrial Power","Petroleum",44153
"47439",2017,"AK","Combined Heat and Power, Commercial Power","Coal",103820
"47440",2017,"AK","Combined Heat and Power, Commercial Power","Hydro",182088
"47441",2017,"AK","Combined Heat and Power, Commercial Power","Natural Gas",2400
"47442",2017,"AK","Combined Heat and Power, Commercial Power","Petroleum",4961
"47444",2017,"AK","Combined Heat and Power, Commercial Power","Wood",0
"47446",2017,"AK","Combined Heat and Power, Electric Power","Coal",180906
"47447",2017,"AK","Combined Heat and Power, Electric Power","Petroleum",0
"47449",2017,"AK","Combined Heat and Power, Electric Power","Wood",0
"47451",2017,"AK","Electric Generators, Independent Power Producers","Wind",50322
"47453",2017,"AK","Electric Generators, Electric Utilities","Coal",270981
"47454",2017,"AK","Electric Generators, Electric Utilities","Hydro",1461582
"47455",2017,"AK","Electric Generators, Electric Utilities","Natural Gas",3170144
"47457",2017,"AK","Electric Generators, Electric Utilities","Petroleum",831569
"47458",2017,"AK","Electric Generators, Electric Utilities","Wind",91365
"49521",2018,"AK","Total Electric Power Industry","Coal",628564
"49522",2018,"AK","Total Electric Power Industry","Hydro",1664225
"49523",2018,"AK","Total Electric Power Industry","Natural Gas",2947902
"49525",2018,"AK","Total Electric Power Industry","Petroleum",809278
"49527",2018,"AK","Total Electric Power Industry","Wind",155015
"49528",2018,"AK","Total Electric Power Industry","Wood",0
"49530",2018,"AK","Combined Heat and Power, Industrial Power","Natural Gas",64727
"49531",2018,"AK","Combined Heat and Power, Industrial Power","Petroleum",42582
"49534",2018,"AK","Combined Heat and Power, Commercial Power","Coal",103477
"49535",2018,"AK","Combined Heat and Power, Commercial Power","Hydro",175622
"49536",2018,"AK","Combined Heat and Power, Commercial Power","Natural Gas",264
"49537",2018,"AK","Combined Heat and Power, Commercial Power","Petroleum",5981
"49539",2018,"AK","Combined Heat and Power, Commercial Power","Wood",0
"49541",2018,"AK","Combined Heat and Power, Electric Power","Coal",177819
"49542",2018,"AK","Combined Heat and Power, Electric Power","Petroleum",0
"49544",2018,"AK","Combined Heat and Power, Electric Power","Wood",0
"49546",2018,"AK","Electric Generators, Independent Power Producers","Wind",56327
"49548",2018,"AK","Electric Generators, Electric Utilities","Coal",347268
"49549",2018,"AK","Electric Generators, Electric Utilities","Hydro",1488603
"49550",2018,"AK","Electric Generators, Electric Utilities","Natural Gas",2882912
"49552",2018,"AK","Electric Generators, Electric Utilities","Petroleum",760716
"49553",2018,"AK","Electric Generators, Electric Utilities","Wind",98688
"51634",2019,"AK","Total Electric Power Industry","Coal",683055
"51635",2019,"AK","Total Electric Power Industry","Hydro",1623366
"51636",2019,"AK","Total Electric Power Industry","Natural Gas",2686990
"51638",2019,"AK","Total Electric Power Industry","Petroleum",901196
"51640",2019,"AK","Total Electric Power Industry","Wind",142591
"51641",2019,"AK","Total Electric Power Industry","Wood",0
"51643",2019,"AK","Combined Heat and Power, Industrial Power","Natural Gas",68210
"51644",2019,"AK","Combined Heat and Power, Industrial Power","Petroleum",46870
"51647",2019,"AK","Combined Heat and Power, Commercial Power","Coal",90861
"51648",2019,"AK","Combined Heat and Power, Commercial Power","Hydro",130342
"51649",2019,"AK","Combined Heat and Power, Commercial Power","Natural Gas",14
"51650",2019,"AK","Combined Heat and Power, Commercial Power","Petroleum",6891
"51652",2019,"AK","Combined Heat and Power, Commercial Power","Wood",0
"51654",2019,"AK","Combined Heat and Power, Electric Power","Coal",186691
"51655",2019,"AK","Combined Heat and Power, Electric Power","Petroleum",0
"51657",2019,"AK","Combined Heat and Power, Electric Power","Wood",0
"51659",2019,"AK","Electric Generators, Independent Power Producers","Petroleum",2758
"51660",2019,"AK","Electric Generators, Independent Power Producers","Wind",53213
"51662",2019,"AK","Electric Generators, Electric Utilities","Coal",405504
"51663",2019,"AK","Electric Generators, Electric Utilities","Hydro",1493024
"51664",2019,"AK","Electric Generators, Electric Utilities","Natural Gas",2618766
"51666",2019,"AK","Electric Generators, Electric Utilities","Petroleum",844677
"51667",2019,"AK","Electric Generators, Electric Utilities","Wind",89378
